# Time,Energy
901.5510937260005,6238.250473022461
860.2125509589996,6019.677490234375
