# Value,Time,Energy
mean,880.8818223425001,6128.963981628418
variance,427.21877952479156,11943.537201220228
std_deviation,20.669271383500472,109.28649139404297
