# Time,Energy
33.42366389499966,301.0621643066406
33.42043968500002,302.3772735595703
