# Value,Time,Energy
mean,33.42205178999984,301.71971893310547
variance,2.598882530450752e-06,0.4323780867853202
std_deviation,0.001612104999821895,0.6575546264648438
