# Value,Time,Energy
mean,1.4067980725831148,22.553624471028645
variance,4.943184452961322e-05,0.014047458780825967
std_deviation,0.007030778372955104,0.11852197594043885
