# Value,Time,Energy
mean,17.062243166666423,166.96413294474283
variance,0.0031371470565026258,2.537276017458579
std_deviation,0.056010240639570774,1.5928829264759476
