# Value,Time,Energy
mean,11.680849649167309,166.59228897094727
variance,0.016633106133818108,3.4191364551710044
std_deviation,0.12896939999014537,1.8490907103684784
