# Time,Energy
46.486857505000444,443.96632385253906
46.226675648998935,442.1471405029297
