# Value,Time,Energy
mean,46.35676657699969,443.0567321777344
variance,0.016923649548097493,0.8273570148739964
std_deviation,0.1300909280007545,0.9095916748046875
